Col 1,Col 2,Col 3,Col 4,Col 5,Source URL
Abrus precatorius Linn.,guj,Aninud deek/Ghonghchi/Achnata Phal,"Kundrimani, Kundri","crab's eye, jequerity, pois rouge, precatory bean, rosary pea, rosarypea, tento muido, Indian liquorice",https://www.tkdl.res.in/tkdl/langdefault/Siddha/Utility/KeywordDemo/Plant-Name.asp
Acacia sinuata,"saptal, keya",,"Shikai kaai,Shikkai,Seeyak kaai",,https://www.tkdl.res.in/tkdl/langdefault/Siddha/Utility/KeywordDemo/Plant-Name.asp
Acalypha fruticosa,Cinnvara,,"Chinni,Chinnimara,Kitti kizhangu",Birch-leaved Acalypha,https://www.tkdl.res.in/tkdl/langdefault/Siddha/Utility/KeywordDemo/Plant-Name.asp
Acalypha indica Linn.,"kupp, muktavarc, haritamajar",Kuppi,"Kuppai meni,Arimancheri,Poonai vanangi,Meni, Muraimayakki",Indian copperleaf,https://www.tkdl.res.in/tkdl/langdefault/Siddha/Utility/KeywordDemo/Plant-Name.asp
Aconitum ferox Wall. ex Ser.,vatsanbha bheda,Khaaniq-al-Zeb,"Vasha naabi,Vidam,Pachai naabi, Vishnanuir",Indian aconite,https://www.tkdl.res.in/tkdl/langdefault/Siddha/Utility/KeywordDemo/Plant-Name.asp
Aconitum heterophyllum Wall. ex Royle,ativi,Atees/Patees,"Ahividayam,Pangurai,Madiri",indian atees,https://www.tkdl.res.in/tkdl/langdefault/Siddha/Utility/KeywordDemo/Plant-Name.asp
Acorus calamus Linn.,vac,Waj-e-Turki,"Vasambu, Suduvaan, Uraippaan, Paersollaamarundhu, Pillaimarundhu, Vasamber","calamus, sweetflag",https://www.tkdl.res.in/tkdl/langdefault/Siddha/Utility/KeywordDemo/Plant-Name.asp
Aegle marmelos Correa ex Roxb.,bilva,Bil/ Bel / Belgiri / Bael / Safarjal Hindi / Shull / Ball / Tull /Nall,"Vilvam ,koovilum,sivathurumum, Maaloram, Vilvo",Indian bael,https://www.tkdl.res.in/tkdl/langdefault/Siddha/Utility/KeywordDemo/Plant-Name.asp
Ailanthus malabarica,guggula dhpa,,"Perumaram, Mattipalai, Pongiliyam, Mattippaal",,https://www.tkdl.res.in/tkdl/langdefault/Siddha/Utility/KeywordDemo/Plant-Name.asp
Alangium salviifolium,akoa,Aankola/Dhira/Anbaku,"Azhinjil,Semmaram,Sei",,https://www.tkdl.res.in/tkdl/langdefault/Siddha/Utility/KeywordDemo/Plant-Name.asp
Albizia odoratissima,ira ka,,"Karu vaagai, Kasu vaagai, Usilamaram, Kaligai, Seekkiraan, Oonjimaram",albizia,https://www.tkdl.res.in/tkdl/langdefault/Siddha/Utility/KeywordDemo/Plant-Name.asp
Allium cepa Linn.,palu,Piyaz / Unsul,"Venkaayam, Erulli, Nichayam, Palaandu","onion, garden onion",https://www.tkdl.res.in/tkdl/langdefault/Siddha/Utility/KeywordDemo/Plant-Name.asp
Allium sativum,"launa, lahasuna",Seer,"Poondu, Lasunam, Ulli, Vellaippoondu, Vellulli","Garlic, cultivated garlic",https://www.tkdl.res.in/tkdl/langdefault/Siddha/Utility/KeywordDemo/Plant-Name.asp
Alocasia macrorrhiza,mnaka,,"Merugankilangu, Ulakkai, Kandhaputpi, Musalam",Giant taro,https://www.tkdl.res.in/tkdl/langdefault/Siddha/Utility/KeywordDemo/Plant-Name.asp
Aloe barbadensis Mill.,kumr,Gheekawaar/Sibr,"Katrazhai,Kumari, Chirukatrazhai, Rattabolam, Kariyabolam","Barbedos aloe, Indian aloe, Curacao aloe, Jaffarabad aloe",https://www.tkdl.res.in/tkdl/langdefault/Siddha/Utility/KeywordDemo/Plant-Name.asp
Alpinia galanga,rsn,Khulanjan,Perarathai,The greater galangal,https://www.tkdl.res.in/tkdl/langdefault/Siddha/Utility/KeywordDemo/Plant-Name.asp
Alpinia officinarum Hance,kulanjana bheda,,"chitrarathai, Channarashttam, Irattai","Lesser Galangal, Alpinia,
Catarrh Root, Chinese Ginger",https://www.tkdl.res.in/tkdl/langdefault/Siddha/Utility/KeywordDemo/Plant-Name.asp
Alternanthera sessilis,matsyk,Al-ternataheerul uzneebiah,"Ponnanganni koduppai,seethai",sessile joyweed,https://www.tkdl.res.in/tkdl/langdefault/Siddha/Utility/KeywordDemo/Plant-Name.asp
Amaranthus gangeticus. Linn.,"taulya, caul",,"Sirukeerai, Chilli, Chanakkikkeerai","Chinese Spinach, Garden Amaranth, Fountain Plant",https://www.tkdl.res.in/tkdl/langdefault/Siddha/Utility/KeywordDemo/Plant-Name.asp
Amorphophallus paeoniifolius,bana-l,,"Karunai, Chooranathandu",whitespot giant arum,https://www.tkdl.res.in/tkdl/langdefault/Siddha/Utility/KeywordDemo/Plant-Name.asp
Anacyclus pyrethrum DC.,krakarabha,Aaqarqarha /Oodul-Qarah,"Akrakaaram, Akkirakaaram","Pellitory of Spain, Pyrethrum",https://www.tkdl.res.in/tkdl/langdefault/Siddha/Utility/KeywordDemo/Plant-Name.asp
Andrographis paniculata,"bhnimba, klamegha",,"Nila vembu,Kriyaathu,Anaariathitham,Shiratkuchi,Koganam",false waterwillow,https://www.tkdl.res.in/tkdl/langdefault/Siddha/Utility/KeywordDemo/Plant-Name.asp
Anethum sowa Roxb. ex Flem.,athv,Shibt/Soya,"Sadha kuppai,Soyi keerai vidhai,Madhurikai, Sadhaputphi","Indian Dill, Sowa",https://www.tkdl.res.in/tkdl/langdefault/Siddha/Utility/KeywordDemo/Plant-Name.asp
Aquilaria malaccensis Lam. Syn.,agaru,Ood Hindi/ Agar/Ood Qimari/Ood Gharqi/Aghaloojan/ Aghalooji,"Akil, Akaru, Poozhil, Kaakathundm, Aggalichandana","Aloewood, Eaglewood, Agarwood",https://www.tkdl.res.in/tkdl/langdefault/Siddha/Utility/KeywordDemo/Plant-Name.asp
Areca catechu Linn.,pga,Fufal/Chalia/Chikni Supaari,"Paakku,Kandhi adaikkai,Kamuku",betel palm,https://www.tkdl.res.in/tkdl/langdefault/Siddha/Utility/KeywordDemo/Plant-Name.asp
Aristolochia bracteolata Lam. Syn.,"kmiht, kamr",,"Aadutheenda paalai,Pankam paalai,Mariunna mooli, Adu",Bracteated Birthwort,https://www.tkdl.res.in/tkdl/langdefault/Siddha/Utility/KeywordDemo/Plant-Name.asp
Aristolochia indica Linn.,"var, gandhankul",Rudraaj / Zaraawand-e-Hindi,"Echwara mooli, Karuda kodi, Perunkizhangu,Perumarundhu,Talaisuruli",The Indian Birthwort,https://www.tkdl.res.in/tkdl/langdefault/Siddha/Utility/KeywordDemo/Plant-Name.asp
Asarum europaeum Linn.,Tagara,Asaaroon/Tagar,"Nila kadambu, Mutherukkansevi, Kuyakkaalam, Kookanam","Asarbacca, Hazelwort,Wild Nard",https://www.tkdl.res.in/tkdl/langdefault/Siddha/Utility/KeywordDemo/Plant-Name.asp
Asparagus adscendens Roxb.,veta Musal,,Thanneervittan,,https://www.tkdl.res.in/tkdl/langdefault/Siddha/Utility/KeywordDemo/Plant-Name.asp
Azadirachta indica A. Juss.,Nimba,Neem,"Vembu, Arittam, Nimbam, Paripathiram, Pisumantham, Vepachetta",neem,https://www.tkdl.res.in/tkdl/langdefault/Siddha/Utility/KeywordDemo/Plant-Name.asp
Bacopa monnieri,Brhm,brahmi,"Neerpirami, Sapthalai, Sarumam, Sambiranipoondu","coastal waterhyssop ,    herb of grace,    herb-of-grace",https://www.tkdl.res.in/tkdl/langdefault/Siddha/Utility/KeywordDemo/Plant-Name.asp
Barleria prionitis Linn.,Saireyaka,Pya bansa/Jhinti,Semmulli,porcupine flower,https://www.tkdl.res.in/tkdl/langdefault/Siddha/Utility/KeywordDemo/Plant-Name.asp
Benincasa hispida,kma,Petha / Mahdayah/Kohila,"Boosani, Kalyana poosani, Poosanikkai",waxgourd,https://www.tkdl.res.in/tkdl/langdefault/Siddha/Utility/KeywordDemo/Plant-Name.asp
Berberis aristata DC. / Berberis asiatica Roxb. / Berberis lycium Royle,druharidr,,"Maramanjal, Mullu kalaa, Usi kalaa",Indian Barberry,https://www.tkdl.res.in/tkdl/langdefault/Siddha/Utility/KeywordDemo/Plant-Name.asp
Bombax malabaricum DC.,,,"Mulilavu, Chaanmali, Poorani, Ponghar, Mousham, Maraattimokku",Silk Cotton Tree,https://www.tkdl.res.in/tkdl/langdefault/Siddha/Utility/KeywordDemo/Plant-Name.asp
Cadaba trifoliate W. &A.,,,"Maravizhuthi, Manudukkurundu, Vizhuthi",,https://www.tkdl.res.in/tkdl/langdefault/Siddha/Utility/KeywordDemo/Plant-Name.asp
Cassia fistula Linn.,ragvadha,Amaltaas/Kheyaar shanbar,"Kondrai, Aragoram, Idhali, Mathalai,Kiruthaamalam,Aakkuvadham, Konnei, Sarakonrai, Sarakonraipuli",golden shower,https://www.tkdl.res.in/tkdl/langdefault/Siddha/Utility/KeywordDemo/Plant-Name.asp
Cassia senna Linn. var. senna Syn.,"svarapatr, mrkanik",Sana,"Nilavaagai,Aalakaalam,Thaalini,Kuyathinalagai,Kamathaayam","Indian Senna, Tinnevelly
Senna",https://www.tkdl.res.in/tkdl/langdefault/Siddha/Utility/KeywordDemo/Plant-Name.asp
Catunaregam spinosa,,,"Madukarai, Karai, Maraadam","Mountain Pomegranate, Spiny Randia, False guava, Thorny Bone apple, Common emetic nut",https://www.tkdl.res.in/tkdl/langdefault/Siddha/Utility/KeywordDemo/Plant-Name.asp
Cedrus deodara,devadru,Deodar,"Devataaru,Iru thaaru,Thoon,Pathira tharugam,Thevatha surar maram, Tevadari","pinus deodara, himalayan cedar",https://www.tkdl.res.in/tkdl/langdefault/Siddha/Utility/KeywordDemo/Plant-Name.asp
Celastrus paniculatus Willd.,jyotimat,Malkangni/Nammilnaraa,"Athi parichan, Vaaluluvai, Kangkuni",staff tree,https://www.tkdl.res.in/tkdl/langdefault/Siddha/Utility/KeywordDemo/Plant-Name.asp
Centella asiatica,"makapar, brhm",Brahmmaandokee,"Yosanavalli, Saraswathy, Sandaki, Vallarai","spadeleaf ,indian penny wort",https://www.tkdl.res.in/tkdl/langdefault/Siddha/Utility/KeywordDemo/Plant-Name.asp
Chonemorpha fragrans,mrv,,Perumkurumpa,Wood Vine,https://www.tkdl.res.in/tkdl/langdefault/Siddha/Utility/KeywordDemo/Plant-Name.asp
Cinnamomum camphora,karpra,Kafoor,"Karpooram, Kanagasaram, Kuruvikodi, Palidam, Sasi,. Sandiran, Soman, Soodan, Indu","camphor laurel, camphor tree, camphortree, Camphor",https://www.tkdl.res.in/tkdl/langdefault/Siddha/Utility/KeywordDemo/Plant-Name.asp
Cinnamomum tamala Nees,"tejapatra, nalik",Sazaj Hindi/ Patraj,"Lavangapathri,Kattu karuvapattai, Kattu kirambu, Perialavangapattai, Thalisapatri",indian bark,https://www.tkdl.res.in/tkdl/langdefault/Siddha/Utility/KeywordDemo/Plant-Name.asp
Cinnamomum verum J.Presl.Syn. C. zeylanicum Blume,,,"Karuva, Lavangappattai, Karuvappattai","Cinnamon, Ceylon
Cinnamon",https://www.tkdl.res.in/tkdl/langdefault/Siddha/Utility/KeywordDemo/Plant-Name.asp
Cinnamomum wightii Meissn.,tejapatra bheda,,Sirunagappu,,https://www.tkdl.res.in/tkdl/langdefault/Siddha/Utility/KeywordDemo/Plant-Name.asp
Cinnamomum zeylanicum Blume,tvak,Daarchini,"Ilavangapattai,Karuvappattai",cinnamon,https://www.tkdl.res.in/tkdl/langdefault/Siddha/Utility/KeywordDemo/Plant-Name.asp
Cissus quadrangularis Linn.,"asthisahta, asthikhal",,"Pirandai, Vajravalli, Indiravalli, Utthanasanjeevi,Uchiradam","Square Stalked Vine, Adamant Creeper",https://www.tkdl.res.in/tkdl/langdefault/Siddha/Utility/KeywordDemo/Plant-Name.asp
Citrullus colocynthis,indravru,Hanzal,"Pei kummatti,Kalingam,Pichi kaay,Vari thummatti",colocynth,https://www.tkdl.res.in/tkdl/langdefault/Siddha/Utility/KeywordDemo/Plant-Name.asp
Citrullus vulgaris var. fistulosus,iia,Tinda/Dastamboya,"Peykkumatti, Varikkumatti, Pitchapalam, Mulam, Pitcha",,https://www.tkdl.res.in/tkdl/langdefault/Siddha/Utility/KeywordDemo/Plant-Name.asp
Citrus limon,"jambra phala, nimbu",Utraj/Lemoon,Periya elumichai,lemon,https://www.tkdl.res.in/tkdl/langdefault/Siddha/Utility/KeywordDemo/Plant-Name.asp
Citrus medica Linn.,bjapra,Beej Purah/Bajoorah/Turanj/ Naaranj,"Elumichai, Kadaranarathai, Kogilacham, Maruchagam,Pazham, Kommatti madulai, Narattampazham",citron,https://www.tkdl.res.in/tkdl/langdefault/Siddha/Utility/KeywordDemo/Plant-Name.asp
Cleome gynandra Linn.,"ajagandh, tilapar?",,"Thai velai, Nalvelai, Kadugu","spider whisp, spiderflower, spiderwisp",https://www.tkdl.res.in/tkdl/langdefault/Siddha/Utility/KeywordDemo/Plant-Name.asp
Clerodendrum divaricatum Jack Syn.,bhrag,Baharangi/Bharangi,"Ankaravalli, Siruthekku, Kanduparangi, Vathamadakki","Turks Turban, Tube-flower",https://www.tkdl.res.in/tkdl/langdefault/Siddha/Utility/KeywordDemo/Plant-Name.asp
Clerodendrum inerme,pisig,,"Peenari sangankuppi,Anjali, Nir nochi, Sarupparachi,Kundali,Kol, Pinashangamkuppi, Idampurisangam",embrert,https://www.tkdl.res.in/tkdl/langdefault/Siddha/Utility/KeywordDemo/Plant-Name.asp
Clerodendrum multiflorum,"agnimantha laghu, tarkr",Taankal/Taankli/Arnie,"Thaluthazhai, Vathamadakki",,https://www.tkdl.res.in/tkdl/langdefault/Siddha/Utility/KeywordDemo/Plant-Name.asp
Clitoria ternatea Linn.,"aparjit, akhapup",Abrajita,"Kakkarattan,Sangu pushbam,Kakkanam,Kakkanathi, Minni, Kumarimani",Asian pigeonwings,https://www.tkdl.res.in/tkdl/langdefault/Siddha/Utility/KeywordDemo/Plant-Name.asp
Coccinia grandis,bimb,Kandoori/Bambi,"Kovai, Kuwai","ivy gourd, scarlet-fruited gourd",https://www.tkdl.res.in/tkdl/langdefault/Siddha/Utility/KeywordDemo/Plant-Name.asp
Cocos nucifera Linn.,nrikela,Narjeel/Naryal,"Thenkaai, Naalikeram, Poologakarpaga vritcham, Mudiyarasan, Mukkannan,Ilaangali,Thennai",coconut palm,https://www.tkdl.res.in/tkdl/langdefault/Siddha/Utility/KeywordDemo/Plant-Name.asp
Corallocarpus epigaeus Benth. ex Hook. f.,"ukans, nahik",,"Aakaasa karudan,Kollankovai,Pei seendhil",,https://www.tkdl.res.in/tkdl/langdefault/Siddha/Utility/KeywordDemo/Plant-Name.asp
Coriandrum sativum Linn.,dhnyaka,Kishneez,"Kottha malli,Urularisi,Dhaniya","Chinese parsley, Chinese-parsley, coriander",https://www.tkdl.res.in/tkdl/langdefault/Siddha/Utility/KeywordDemo/Plant-Name.asp
Coscinium fenestratum,"klyaka, ptacandana, drharidr",,"Maramanjal, Atturam, Imalam, Kadari, Pasamantram, Sanniyam, Udubadi, Kaalaeyakam, Thaaruvi",,https://www.tkdl.res.in/tkdl/langdefault/Siddha/Utility/KeywordDemo/Plant-Name.asp
Costus speciosus,"kemuka, kalihr",Pushkar Mool/Phukhar/Rumnaashnam,"Koshtam, Kura, Oli, Kuravam",canereed,https://www.tkdl.res.in/tkdl/langdefault/Siddha/Utility/KeywordDemo/Plant-Name.asp
Crateva nurvala Buch. -Ham.,varua,Barna.,"Mavilingam, Kumaarakam, Varani, Maralingam",,https://www.tkdl.res.in/tkdl/langdefault/Siddha/Utility/KeywordDemo/Plant-Name.asp
Crocus sativus Linn.,kukuma,Zafran/Gumr/ Gumrah,"Kungumapoo,Gnalal poo,Kashmiram","saffron crocus, Saffron",https://www.tkdl.res.in/tkdl/langdefault/Siddha/Utility/KeywordDemo/Plant-Name.asp
Croton tiglium Linn.,jayapla,Habb-al- Mulook/Maahudaana,"Nervaalam, Naganam, Saiyabalam,Nigumbam, Thendi, Chiduram, Shobi, Nagathenthi",purging croton,https://www.tkdl.res.in/tkdl/langdefault/Siddha/Utility/KeywordDemo/Plant-Name.asp
Cuminum cyminum Linn.,vetajraka,Zeerah,"Seerakam, Asai, Seeri, Posanakudori,Upakumba peesam,Pittha naasini,Prathivikaa,Methiyam","cumin, Cumin seed",https://www.tkdl.res.in/tkdl/langdefault/Siddha/Utility/KeywordDemo/Plant-Name.asp
Curculigo orchioides Gaertn.,"tlaml, mual",Musli Siyah,"Nilappanankizhanku,Vaaraagi,Kurathi,Chithi,Thalai thathu,Nila velumi,Thaalamooli,Thirana rasan",,https://www.tkdl.res.in/tkdl/langdefault/Siddha/Utility/KeywordDemo/Plant-Name.asp
Curcuma aromatica Salisb.,vana haridr,,Kasthoori manjal,curcuma,https://www.tkdl.res.in/tkdl/langdefault/Siddha/Utility/KeywordDemo/Plant-Name.asp
Cuscuta reflexa Roxb.,amarvall,Kasoos/Aakaash Bel/ Amar Bel/ Afteemoone Hindi,"Muthiyarkoonthal, Kuthirai vaali, Miriyar koonthal, Saran, Sadadari","giant dodder,  Cuscuta, Dodder",https://www.tkdl.res.in/tkdl/langdefault/Siddha/Utility/KeywordDemo/Plant-Name.asp
Cycas circinalis Linn.,hintla,,"Canningay, Madana kamapu, Kama, Peyindu, Varagudu, Urai",queen sago,https://www.tkdl.res.in/tkdl/langdefault/Siddha/Utility/KeywordDemo/Plant-Name.asp
Cynodon dactylon,drv,Doob / Najm,"Arukan pull, Patham, Moothandam, Dhurvaathi, Megari, Ganapathi pathiram","Bermudagrass, chiendent pied-de-poule, common bermudagrass, devilgrass, grama-seda, manienie, motie molulu",https://www.tkdl.res.in/tkdl/langdefault/Siddha/Utility/KeywordDemo/Plant-Name.asp
Cyperus rotundus Linn. / Cyperus scariosus R. Br. / Cyperus arundinaceum Baker,"mustaka, gaadrv",Nager motha/Saad Kufi / Sad Kufi,",muthakasu ,varaga patchani,korai kizhangu","chaguan humatag, cocograss, kili'o'opu, nutgrass, pakopako, purple nutsedge",https://www.tkdl.res.in/tkdl/langdefault/Siddha/Utility/KeywordDemo/Plant-Name.asp
Datura inoxia Mill.,dhattra bheda,,Oomathai,"angel's trumpet, desert thornapple, sacred datura",https://www.tkdl.res.in/tkdl/langdefault/Siddha/Utility/KeywordDemo/Plant-Name.asp
Diospyros montana Roxb.,"viatinduka, kkatinduka bheda",Tendu Talkh,"Vakkanai, Vakkanathan, Vellai thuvarai, Vel vakkanai, Muchi thangi",Mountain persimmon,https://www.tkdl.res.in/tkdl/langdefault/Siddha/Utility/KeywordDemo/Plant-Name.asp
Dolichoas gladiatis,,,Kozhiavarai,Sword bean,https://www.tkdl.res.in/tkdl/langdefault/Siddha/Utility/KeywordDemo/Plant-Name.asp
Dryobalanops camphora,karpra,,"Pachaikarpooram, Karpooran-chenna, Karuppuram, Karpuram",Borneo camphor,https://www.tkdl.res.in/tkdl/langdefault/Siddha/Utility/KeywordDemo/Plant-Name.asp
Eclipta prostrata,bhgarja,Bhangra,"Kaiyanthakarai, Vellai karisalai","eclipta, false daisy",https://www.tkdl.res.in/tkdl/langdefault/Siddha/Utility/KeywordDemo/Plant-Name.asp
Elettaria cardamomum,skmail,Heel Khurd/Qaaqulah Sagheer,"Yaelakkai,Aanji,Dhudi,Korangam","cardamom, Lesser Cardamom",https://www.tkdl.res.in/tkdl/langdefault/Siddha/Utility/KeywordDemo/Plant-Name.asp
Embelia ribes Burm. f. / Embelia tsjeriam-cottam A. Dc Syn. E. robusta C.B Clarke,viaga,Baobarang/Babrang/Bakaj Kabuli/Abranj/Barnaq,"Vaayvidangam, Keralam, Varnanai, Vellal",Embelia.,https://www.tkdl.res.in/tkdl/langdefault/Siddha/Utility/KeywordDemo/Plant-Name.asp
Eravetamia coronaria Stapf. Syn. Tabernaemontana divericata,,,"Nanthivattaim, Kiranthithakaram","Crape Jasmine, Pinwheel flower",https://www.tkdl.res.in/tkdl/langdefault/Siddha/Utility/KeywordDemo/Plant-Name.asp
Euphorbia hirta Linn.,dugdhik bheda,Dudhh Khurd/Naagarjuni Dudhi,"Ammaan pachai arisi, Chithirapaalaadai, Suduthuraththi","Euphorbia, Australian AsthmaWeed, Pill-bearing Spurge",https://www.tkdl.res.in/tkdl/langdefault/Siddha/Utility/KeywordDemo/Plant-Name.asp
Euphorbia neriifolia Linn.,snuh,Thuhar,"Ilaikalli, Manchevi kalli, Naynakki, Nadangi",Indian spurgetree,https://www.tkdl.res.in/tkdl/langdefault/Siddha/Utility/KeywordDemo/Plant-Name.asp
Euphorbia nivola Ham.,,,Ilaikalli,,https://www.tkdl.res.in/tkdl/langdefault/Siddha/Utility/KeywordDemo/Plant-Name.asp
Euphorbia tirucalli Linn.,"saptal bheda, aguliy thhara",Taz/Konpal,"Thirugukalli, thiruvatti, Pachan kalli, Kombu kalli, Kiri",Indiantree spurge,https://www.tkdl.res.in/tkdl/langdefault/Siddha/Utility/KeywordDemo/Plant-Name.asp
Evolvulus alsinoides Linn.,viukrnt,Sankhaholi/Wishnukraant/Neelposhaini,Vishnugrandhi,"slender dwarf morning-glory, slender dwarf morningglory, slender dwarf-morning-glory",https://www.tkdl.res.in/tkdl/langdefault/Siddha/Utility/KeywordDemo/Plant-Name.asp
Fagonia ceilanica Thunb.,,,Kolukattai,,https://www.tkdl.res.in/tkdl/langdefault/Siddha/Utility/KeywordDemo/Plant-Name.asp
Ferula foetida regel,higu,Hilteet/Heeng/Anjodaan,"Perungayam;Gayam,Pothanasam,Ingu,Santhunasam,Athiyakirakaram,Valeegam, Sagasthirabedhi",asafetida,https://www.tkdl.res.in/tkdl/langdefault/Siddha/Utility/KeywordDemo/Plant-Name.asp
Ficus benghalensis Linn.,"nyagrodha, vaa",,"Aalamaram, Vadam, Pootham, Vanongi, Iyakkurotham, Pudavritcham, Vadavirukam, Palu maram, thol m",Indian banyan,https://www.tkdl.res.in/tkdl/langdefault/Siddha/Utility/KeywordDemo/Plant-Name.asp
Ficus racemosa Linn.,udumbara,Gular/ Jummaiz/Alaf Hindi,"Atthi, Atham, Athavu, Uthumbaram, Koli, Supirathashtam",clustertree,https://www.tkdl.res.in/tkdl/langdefault/Siddha/Utility/KeywordDemo/Plant-Name.asp
Ficus religiosa Linn.,avattha,Peepal,"Arasu, Aswatham, Bodi, Kanavam, Pippilam, Megathurumam, Narayanam, , Vanagandhi, Thiru maram",peepul tree,https://www.tkdl.res.in/tkdl/langdefault/Siddha/Utility/KeywordDemo/Plant-Name.asp
Glinus lotoides Linn.,gandhb,,"Siru seruppadai,Seruppadi","glinus, lotus sweetjuice",https://www.tkdl.res.in/tkdl/langdefault/Siddha/Utility/KeywordDemo/Plant-Name.asp
Glinus lotoides Linn. Syn. Mollugo hirta Thunb.,"ad, bhissa",,"Siru seruppadai,Seruppadi, Kachantarai, Thiraai",Glinus,https://www.tkdl.res.in/tkdl/langdefault/Siddha/Utility/KeywordDemo/Plant-Name.asp
Glycyrrhiza glabra Linn.,"yaimadhu, kltaka",Rubb-al-Soos/Asl-al-Soos,"Athimathuram, Athingam, Atti, Mathugam, Kundri vaer",cultivated licorice,https://www.tkdl.res.in/tkdl/langdefault/Siddha/Utility/KeywordDemo/Plant-Name.asp
Gmelina arborea Linn.,,,Kumiz.,"Snapdragon Tree, Gmelina, White beech, White teak",https://www.tkdl.res.in/tkdl/langdefault/Siddha/Utility/KeywordDemo/Plant-Name.asp
Gossypium arboreum Linn.,udyna krpsa,,"Paruthi, Semparuthi",tree cotton,https://www.tkdl.res.in/tkdl/langdefault/Siddha/Utility/KeywordDemo/Plant-Name.asp
Gossypium herbaceum Linn.,krpsa,Panbah Daanah/Habb-al-Qutn,"Paruthi, Karpasam, Panchu,Samuthrandam, Tulavam,Uttri, Pari,Aachada nabalai",Levant cotton,https://www.tkdl.res.in/tkdl/langdefault/Siddha/Utility/KeywordDemo/Plant-Name.asp
Gymnema sylvestre,"meag,  madhunin",Gurmar Buti/ Gurmar Booti,"Sirukurinjan,Athigam, Sakkaraikkolli, Amuthu pushpam, Ayagam, Kogilam, Shagacharam",miracle fruit,https://www.tkdl.res.in/tkdl/langdefault/Siddha/Utility/KeywordDemo/Plant-Name.asp
Helianthus annuus Linn.,sryvarta,Surajmukhi/ Dowaar-al-Shamsh/ Abbaad-al-Shamsh/ Ain-al-Shamsh/ Hasheesh-al-Aqrab/ Saamir Yauma/ Tarishool,Suriyakanthi,"annual sunflower, common sunflower, sunflower, wild sunflower",https://www.tkdl.res.in/tkdl/langdefault/Siddha/Utility/KeywordDemo/Plant-Name.asp
Heliotropium indicum Linn.,hastiu,Haathi Sundi/Haathi Shunda/ Hastisunda,"Siru thelkodukku , Nakkippu","India heliotrope, Indian heliotrope, Heliotrop",https://www.tkdl.res.in/tkdl/langdefault/Siddha/Utility/KeywordDemo/Plant-Name.asp
Hemidesmus indicus,sriv,Ushbah Hindi / Anant Mol,"Nannaari,Ankaari mooli,Paadhala mooli,Krishna valli,Kaama valli,Neerundi,Saariyam,Saaribam,Paarkkodi",Indian Sarsaparilla,https://www.tkdl.res.in/tkdl/langdefault/Siddha/Utility/KeywordDemo/Plant-Name.asp
Hibiscus rosa-sinensis Linn.,"jap, auhrapupa",Gul-e-Gurhal,"Chemparathai, Arattam, Mandaram, Sappathu poo, Sivanda vesai","chinese hibiscus, shoebackplant",https://www.tkdl.res.in/tkdl/langdefault/Siddha/Utility/KeywordDemo/Plant-Name.asp
Holarrhena antidysenterica,"kuaja, indrayava",Inderjao Talkh/Teewaj-e-Khatai,"Kudasapaalai,Kulappalai,Kasappu vetpalai",tellicherry bark,https://www.tkdl.res.in/tkdl/langdefault/Siddha/Utility/KeywordDemo/Plant-Name.asp
Hopea glabra Wight& Arn.,,,Kongu,,https://www.tkdl.res.in/tkdl/langdefault/Siddha/Utility/KeywordDemo/Plant-Name.asp
Hyoscyamus niger Linn.,praska yavn,Bazr-ul-Banj/ Ajwain Khorasani,"Kurochani omam,Tippiam,Karsavai,Kaarabi, Korusanai","black henbane, henbane",https://www.tkdl.res.in/tkdl/langdefault/Siddha/Utility/KeywordDemo/Plant-Name.asp
Jasminum angustifolium,vanamall,,"Kaattumalligai, Kaattu mullai, Adachalam, Kanmelaval, Marugu, Mullai, Vanamalligai, Sirumalligai",wild jasmine,https://www.tkdl.res.in/tkdl/langdefault/Siddha/Utility/KeywordDemo/Plant-Name.asp
Justica prostrata Gamble,,,Oduodukki,,https://www.tkdl.res.in/tkdl/langdefault/Siddha/Utility/KeywordDemo/Plant-Name.asp
Justicia adhatoda Linn.,vs,,"Adathodai,vasai",Malabar nut,https://www.tkdl.res.in/tkdl/langdefault/Siddha/Utility/KeywordDemo/Plant-Name.asp
Lagenaria siceraria,"tumbin, kautumb, albu",Kadu-e-Daraaz/ Lauki,Surakkai,"Bottle gourd, Calbash gourd",https://www.tkdl.res.in/tkdl/langdefault/Siddha/Utility/KeywordDemo/Plant-Name.asp
Lannea coromandelica,"jigi, guamanjar",Gharwaal,"Wodier, Kalasan, Odi maram, Mothakam",,https://www.tkdl.res.in/tkdl/langdefault/Siddha/Utility/KeywordDemo/Plant-Name.asp
Leucas aspera Spreng.,droapup bheda,Asebra Adeemat-al-Laun,"Thumbai,Imuganaar vettri",White Dead Nettle,https://www.tkdl.res.in/tkdl/langdefault/Siddha/Utility/KeywordDemo/Plant-Name.asp
Limonia acidissima Linn.,,,"Vizha, Vila, Kadippakai, Kapiththam, Vilavu","wood apple, elephant apple, monkey fruit, and curd fruit",https://www.tkdl.res.in/tkdl/langdefault/Siddha/Utility/KeywordDemo/Plant-Name.asp
Mangifera indica Linn.,mra,Anba/Aam,"Maa, Kokku, Sootham, Kuthirai, Aambhiram, Maanthi, Maazhai",Mango,https://www.tkdl.res.in/tkdl/langdefault/Siddha/Utility/KeywordDemo/Plant-Name.asp
Maranta arundinacea Linn.,tavakra,,"Ararut kizhangu, Kuvaikkizangu, Kuamau",West indian arrowroot,https://www.tkdl.res.in/tkdl/langdefault/Siddha/Utility/KeywordDemo/Plant-Name.asp
Melia azedarach Linn.,"mahnimba, kaiarya",Bakayin/Khasi-ud-deek,"Thylukkanivembu, Malaivembu","Persian liliac, Bead tree",https://www.tkdl.res.in/tkdl/langdefault/Siddha/Utility/KeywordDemo/Plant-Name.asp
Mesua ferrea Linn.,ngakeara,Narmushk/Nagkesar,"Chirunagappu, Nangu, Nagakesara, Nagachembakam,Aadagam,Kaanchanam,Kesaram",Mesua,https://www.tkdl.res.in/tkdl/langdefault/Siddha/Utility/KeywordDemo/Plant-Name.asp
Mimusops elengi Linn.,bakula,Mulsari,"Magilam, Ilangi, Vagulam, Mogadam",Bulletwood,https://www.tkdl.res.in/tkdl/langdefault/Siddha/Utility/KeywordDemo/Plant-Name.asp
Mollugo cerviana Seringe,"grmasundara, parpaa",Paadha/Pada,"Parpadagam,Seetham,Pappuda pul,",,https://www.tkdl.res.in/tkdl/langdefault/Siddha/Utility/KeywordDemo/Plant-Name.asp
Momordica balsamina Linn.,mokh chochiana,,"Pavakkai,Kaaravalli,Kooram,Koolam",Balsam apple,https://www.tkdl.res.in/tkdl/langdefault/Siddha/Utility/KeywordDemo/Plant-Name.asp
Morinda coreia Buch. -Ham. Syn.,ak,,"Nuna, Manjanatti, Manja nuna,Dhanakku,Nunavu",Wild Indian Mulberry,https://www.tkdl.res.in/tkdl/langdefault/Siddha/Utility/KeywordDemo/Plant-Name.asp
Moringa oleifera Lamk. Syn. Moringa pterygosperma C.F. Gaertn.,,,Murungai   kizhavi  sowbhanjanam,"Moringa, Horse Radish Tree, Drumstick Tree",https://www.tkdl.res.in/tkdl/langdefault/Siddha/Utility/KeywordDemo/Plant-Name.asp
Mukia maderaspatana,"ahilekhana, trikoak",,"Musumuskkai,Irukuraginkai,Ayileyagam",,https://www.tkdl.res.in/tkdl/langdefault/Siddha/Utility/KeywordDemo/Plant-Name.asp
Musa paradisiaca Linn.,kadal,Kela/Mouz,"Vazhai, Arambai, Kadhali, Thayai kondravan","Edible banana, Plantain, Banana",https://www.tkdl.res.in/tkdl/langdefault/Siddha/Utility/KeywordDemo/Plant-Name.asp
Myristica fragrans Houtt.,"jtphala, jtipatr",Bisbasa / javetri / Jauzbuwa,"Jathikai ,kulakkai,Vasuvaasi ,jathipathri",Nutmeg tree,https://www.tkdl.res.in/tkdl/langdefault/Siddha/Utility/KeywordDemo/Plant-Name.asp
Nardostachys Jatamansi,"jams, mur",Sunbul-al-Teeb/Baalchhar,"Sadamangil,Sadachi,Pysaasi,Maamisi,Bootha kesini,Sadilai","Spikenard, Indian nard",https://www.tkdl.res.in/tkdl/langdefault/Siddha/Utility/KeywordDemo/Plant-Name.asp
Nelumbo nucifera Gaertn.,"kamala, prapauarka",Padam Kesar/Kanwal gatta.,"Ambal, Thamarai,Kamalam,Sooriya natpu,Aravindham,Mundagam,Pankajam,Padhumam,Sivapputamarai","Sacred lotus, Indian lotus, Chinese water lily",https://www.tkdl.res.in/tkdl/langdefault/Siddha/Utility/KeywordDemo/Plant-Name.asp
Nervilia aragoana Gaud. syn. Pogonia flabelliformis Lindl.,"padmacri, akhluka",,"Orilaitamarai, Avviyatham",,https://www.tkdl.res.in/tkdl/langdefault/Siddha/Utility/KeywordDemo/Plant-Name.asp
Nigella sativa Linn.,"upakucik, magaraila",Kalonji/Shooneez,"Karunjeerakam,Aranam,Uba kunjikai","Small fennel, Black cumin",https://www.tkdl.res.in/tkdl/langdefault/Siddha/Utility/KeywordDemo/Plant-Name.asp
Nymphaea alba Linn.,kumuda,Nilofer/ Full,"Neidhal kizhangu,Aambal,Kumutham,Kayiravam","European white water-lily, Water Lily",https://www.tkdl.res.in/tkdl/langdefault/Siddha/Utility/KeywordDemo/Plant-Name.asp
Nymphaea stellata Willd.,utpala,,"Karu neithal, Neelorpalam, Alli",Indian blue water-lily,https://www.tkdl.res.in/tkdl/langdefault/Siddha/Utility/KeywordDemo/Plant-Name.asp
Nympheae rubra,kumuda rakta,Kanwal khurd/Bism,"Ambal, Alli thamarai",Indian red water-lily,https://www.tkdl.res.in/tkdl/langdefault/Siddha/Utility/KeywordDemo/Plant-Name.asp
Ocimum canum Sims,vanatulas,Nammaam Bustani/Arqals/Kali Tulsi,"Naay thulasi, Kanjangorai",Hoary basil,https://www.tkdl.res.in/tkdl/langdefault/Siddha/Utility/KeywordDemo/Plant-Name.asp
Ocimum sanctum Linn.,"tulas, suras",Raihan/Shahasfaram/Tulsi/Zeemraan,"Krishna thulasi, Nal thulasi, Thulasi, Alangai, Mal  murugu, Mudi, Suvi, Surasam, Thulavu,Malalangal","Sacred basil, Holy basil",https://www.tkdl.res.in/tkdl/langdefault/Siddha/Utility/KeywordDemo/Plant-Name.asp
Operculina turpethum,trivta,Turbud/Nisoot,Sivathai,"Indian jalap, Turpeth",https://www.tkdl.res.in/tkdl/langdefault/Siddha/Utility/KeywordDemo/Plant-Name.asp
Opuntia dillenii,"kanthr, ngapha",Naag phani,"Nagathali, Chapathi kalli, Palakai kalli, Mullu kalli, Manjal nagathali, Pattanattu kalli","Prickly pear, Slipper thorn",https://www.tkdl.res.in/tkdl/langdefault/Siddha/Utility/KeywordDemo/Plant-Name.asp
Oryza sativa Linn.,li,Biranj/Chaawal/Aruzz,"Nellu , Arisi, Vari,Saali,Thorai,Vai, Virigi","Rice, Paddy",https://www.tkdl.res.in/tkdl/langdefault/Siddha/Utility/KeywordDemo/Plant-Name.asp
Oxalis corniculata Linn.,cger,,"Puliyarai,Puliakkeerai",Indian sorrel,https://www.tkdl.res.in/tkdl/langdefault/Siddha/Utility/KeywordDemo/Plant-Name.asp
Papaver somniferum Linn.,ahiphena,Khashkhaash /,"Abini, Kasakasa, Posthakkai","Opium poppy, white poppy",https://www.tkdl.res.in/tkdl/langdefault/Siddha/Utility/KeywordDemo/Plant-Name.asp
Pavetta indica Linn.,ppa,,Pavattai,White pavetta,https://www.tkdl.res.in/tkdl/langdefault/Siddha/Utility/KeywordDemo/Plant-Name.asp
Pavonia zeylanica,atibal,Hashqaal,"Chitramutti, Kurundotti, Mammatty, Sevagan,",,https://www.tkdl.res.in/tkdl/langdefault/Siddha/Utility/KeywordDemo/Plant-Name.asp
Pergularia daemia,"uttamri, viik",Utran/Mendha Singhi,"Utthamani, Veli paruthi, Nandamani",pergularia,https://www.tkdl.res.in/tkdl/langdefault/Siddha/Utility/KeywordDemo/Plant-Name.asp
Phaseolus lunatus Linn.,akipaka? vetapta imb,Suali/Sualah/Fanjyoon/Qeetoon/Banlobia,Kasi kollu,"Double bean, Lima bean, Burma bean, Rangoon bean",https://www.tkdl.res.in/tkdl/langdefault/Siddha/Utility/KeywordDemo/Plant-Name.asp
Phoenix dactylifera Linn.,kharjra,Khurma/Khajoor/Chohara/Jumaar/Kofarraa/Qiqus/Guncha-e-Khurma/Balh,"Perichankai, Ichi, Karchooram, Kuravam, Titti, Perindu",Date palm,https://www.tkdl.res.in/tkdl/langdefault/Siddha/Utility/KeywordDemo/Plant-Name.asp
Phyllanthus amarus Schum. & Th. Syn. P. nanus Hook. f.,"tmalak, bhmymalak",,Kellkainelli,carry me seed,https://www.tkdl.res.in/tkdl/langdefault/Siddha/Utility/KeywordDemo/Plant-Name.asp
Phyllanthus emblica Linn. Syn.,malak,Aamla,Nelli,"emblic, Emblic Myrobalan",https://www.tkdl.res.in/tkdl/langdefault/Siddha/Utility/KeywordDemo/Plant-Name.asp
Picrorhiza kurroa,"kauk, kuak",Kutki,"Kadukurogini, Kadakarohini",Picrorhiza,https://www.tkdl.res.in/tkdl/langdefault/Siddha/Utility/KeywordDemo/Plant-Name.asp
Pimpinella anisum Linn.,ansna,Anisoon /Aaneelsan/ Aaneesan,"Perum seeragam,Sombu,Ven seeragam","Anise,Aniseed",https://www.tkdl.res.in/tkdl/langdefault/Siddha/Utility/KeywordDemo/Plant-Name.asp
Piper betle Linn.,"ngavall, cavya bheda",Tambol/Paan,"Vetrilai, Thamboolavalli, Nagavalli, Melladagu, Vellilai, Ilaikodi, Sivanagini, Nirvalli, Pachadam",Betel,https://www.tkdl.res.in/tkdl/langdefault/Siddha/Utility/KeywordDemo/Plant-Name.asp
Piper cubeba Linn. f.,kakola,Kababchini/Kankol,"Vaalmilaku, Thakkoolam, Ilathai, Thoorikai","Cubebs,Tailed Pepper",https://www.tkdl.res.in/tkdl/langdefault/Siddha/Utility/KeywordDemo/Plant-Name.asp
Piper longum Linn.,pippal,Filfil Moya/Fasiwarees/Filfil Daraz,"Thippili, Pippili","Indian Long Pepper, Long Pepper",https://www.tkdl.res.in/tkdl/langdefault/Siddha/Utility/KeywordDemo/Plant-Name.asp
Piper nigrum Linn.,marica,Filfil,Milagu,Black Pepper,https://www.tkdl.res.in/tkdl/langdefault/Siddha/Utility/KeywordDemo/Plant-Name.asp
Plectranthus mollis Spreng.,lla agh,,Vilamichuver,,https://www.tkdl.res.in/tkdl/langdefault/Siddha/Utility/KeywordDemo/Plant-Name.asp
Plumbago indica Linn.,citraka rakta,,"Chithiramoolam,Sengodi veli, Akkini",leadwort,https://www.tkdl.res.in/tkdl/langdefault/Siddha/Utility/KeywordDemo/Plant-Name.asp
Plumbago zeylanica Linn.,citraka,Sheetraj Hindi/Chita Lakdi/ Cheeta,"Chithiramoolam, Venkodi veli, Sittragam","leadwort, Ceylon Lead Wort",https://www.tkdl.res.in/tkdl/langdefault/Siddha/Utility/KeywordDemo/Plant-Name.asp
Pogostemon plectranthoides Desf.,,,Pachilai,Bengal Pogostemon,https://www.tkdl.res.in/tkdl/langdefault/Siddha/Utility/KeywordDemo/Plant-Name.asp
Polygala arvensis Willd. Syn. P.chinensis Linn.,"mera, mara, negal",,"Siriyanangai, Nintarchinungi",Senega,https://www.tkdl.res.in/tkdl/langdefault/Siddha/Utility/KeywordDemo/Plant-Name.asp
Pongamia pinnata,"karaja, naktamla, udakrya",Karanj,"Pungu, Poondhi, Karanjakam, Karanjam",pongame oiltree,https://www.tkdl.res.in/tkdl/langdefault/Siddha/Utility/KeywordDemo/Plant-Name.asp
Premna integrifolia Linn.,agnimantha,,"Munnai, Pasu munnai, Arani, Minnilai",premna,https://www.tkdl.res.in/tkdl/langdefault/Siddha/Utility/KeywordDemo/Plant-Name.asp
Prunus dulcis,vtda,Baadaam Shireen,"Vadumai, Parsi vadumai, Vadam kottai, Adambhu, Badam",almond,https://www.tkdl.res.in/tkdl/langdefault/Siddha/Utility/KeywordDemo/Plant-Name.asp
Psoralea corylifolia Linn.,bkuc,Babchi,"Kaarboga arisi,Baakusi,Kaarpuva arisi",psoralea fruit,https://www.tkdl.res.in/tkdl/langdefault/Siddha/Utility/KeywordDemo/Plant-Name.asp
Quercus infectoria Olivier,"myakku, myphala",Mazu,Maasikkai,aleppo oak,https://www.tkdl.res.in/tkdl/langdefault/Siddha/Utility/KeywordDemo/Plant-Name.asp
Raphanus sativus Linn. cv. caudatus Syn. R. caudatus Linn.,"sugr, mugr",,"Mullangi, Moolabam",radish,https://www.tkdl.res.in/tkdl/langdefault/Siddha/Utility/KeywordDemo/Plant-Name.asp
Rhus succedanea Linn.,karkaag,Kakra Singhi,Karkaadagam,wax tree,https://www.tkdl.res.in/tkdl/langdefault/Siddha/Utility/KeywordDemo/Plant-Name.asp
Ricinus communis Linn.,eraa,Bedanjeer/Arand,"Aamanakku, Kottai muthu, Sitramanakku, Aerandam,Sithiram,Talabodam","castor,Palmachristi, Castor Plant",https://www.tkdl.res.in/tkdl/langdefault/Siddha/Utility/KeywordDemo/Plant-Name.asp
Saccharum officinarum Linn.,iku,Ganna,"Poovan karumbu, Ikku, Vei, Punarpusam",sugarcane,https://www.tkdl.res.in/tkdl/langdefault/Siddha/Utility/KeywordDemo/Plant-Name.asp
Salacia oblonga,cundana,,"Chundan, Ponkoranti, Kadalazhinjil",bittersweet,https://www.tkdl.res.in/tkdl/langdefault/Siddha/Utility/KeywordDemo/Plant-Name.asp
Salsoli kali,mmajjaka,Naagsav gadda/Ismangal Ganda / Ushnaan Dawood,"Vellarugu, Vallari",,https://www.tkdl.res.in/tkdl/langdefault/Siddha/Utility/KeywordDemo/Plant-Name.asp
Salvadora persica Linn.,plu,,"Perungoli,Ughaiputtai,Sirukalawa, Vivay,Ukaa, Kalarva, Kaarkolmaram","Mustard tree. Salt Bush
tree, Tooth Brush tree",https://www.tkdl.res.in/tkdl/langdefault/Siddha/Utility/KeywordDemo/Plant-Name.asp
Santalum album Linn.,candana,Sandal Safaid/Sandal Zard,"Sandhanam, Ulocadam, Kulavuri, Ingam",sandalwood,https://www.tkdl.res.in/tkdl/langdefault/Siddha/Utility/KeywordDemo/Plant-Name.asp
Saussurea lappa Clarke,kuha,,"Koshtam, Jathi koshtam, Chagal koshtam, Putchuk",saw-wort,https://www.tkdl.res.in/tkdl/langdefault/Siddha/Utility/KeywordDemo/Plant-Name.asp
Scindapsus officinalis Schott,gajapippal,Gaj peepal,Aanai thippili,,https://www.tkdl.res.in/tkdl/langdefault/Siddha/Utility/KeywordDemo/Plant-Name.asp
Semecarpus anacardium Linn.f.,bhalltaka,Baladur/Bhilavan,"Chenkottai,Vallaathi,Erimugi, Nandhi vidai, Poothanasanam, Sombalam, Virasagi, Tembarai, Kalagam",markingnut tree,https://www.tkdl.res.in/tkdl/langdefault/Siddha/Utility/KeywordDemo/Plant-Name.asp
Sesamum indicum Linn.,tila,Kunjad Siyah/Til/Sheeraj,"Ellu,Thilam",sesame,https://www.tkdl.res.in/tkdl/langdefault/Siddha/Utility/KeywordDemo/Plant-Name.asp
Sesbania grandiflora,"muni, agastya",Agasti,"Agathi, Acham, Muni, Kareeram, Chevvagathi, Peragathi",vegetable hummingbird,https://www.tkdl.res.in/tkdl/langdefault/Siddha/Utility/KeywordDemo/Plant-Name.asp
Shorea robusta Gaertn.,la,Saal/Sakhu,"Saalakkunkiliyam, Karumaruthu,Saruvarasam,Kungilium",the sal tree,https://www.tkdl.res.in/tkdl/langdefault/Siddha/Utility/KeywordDemo/Plant-Name.asp
Sida acuta Burm. f.,bal,Bariara/Barhameen,"Vattatiruppi,Malai thaangi,Arivaalmookku keerai,Ponmusuttai, Kayapundu, Malaikurunthali",common wireweed,https://www.tkdl.res.in/tkdl/langdefault/Siddha/Utility/KeywordDemo/Plant-Name.asp
Sida cordifolia Linn.,bal,,"Nilathuthi,Paniarthuthi, Chitramutti, Arival",llima,https://www.tkdl.res.in/tkdl/langdefault/Siddha/Utility/KeywordDemo/Plant-Name.asp
Sida rhombifolia Linn.,mahbal bheda,Shehdai/Sehdai/Sahadevi/Shehdai,"Kurunthotti, Anaikkurunthotti, Tenacham ,Chitra mutti,Adhibalaa","arrowleaf sida, cuban jute",https://www.tkdl.res.in/tkdl/langdefault/Siddha/Utility/KeywordDemo/Plant-Name.asp
Smilax china Linn.,"madhusnuh, dvpntaravac",Aanis-al-Nafas/Chob Chini/Khashb-al-Seeni/ Beekh Cheeni,"Parangi pattai, Cheena pagu,Cheena pattai,Madhusmiki",China root,https://www.tkdl.res.in/tkdl/langdefault/Siddha/Utility/KeywordDemo/Plant-Name.asp
Solanum nigram Linn.,kkamc,Inab-us-Salab / Makoh / Mako,"Mana thakkaali, Milagu thakkali,Ulaka maatha,Kaaka maasi,Vidai gandham,Vaayasam, Karuppumanathakkali","black nightshade, deadly nightshade, garden nightshade",https://www.tkdl.res.in/tkdl/langdefault/Siddha/Utility/KeywordDemo/Plant-Name.asp
Solanum surattense Burm.,kaakr,Katai,"Kandangatthiri, Sutturam, Udaravani, Udavani, Mullikkai",nightshade,https://www.tkdl.res.in/tkdl/langdefault/Siddha/Utility/KeywordDemo/Plant-Name.asp
Solanum torvum Swartz,bhat bheda,,"Sundai, Malaichundai, Kottukkathiri,Kaduki","bhankatiya, devil's fig, prickly solanum, terongan, turkey berry",https://www.tkdl.res.in/tkdl/langdefault/Siddha/Utility/KeywordDemo/Plant-Name.asp
Solanum trilobatum Linn.,vallikanakrik,,"Thoothuvalai, Singavalli, Alarkam, Tudi, Kudalam, Nittidam,Surai, Sandunayattan",Climbing Brinjal,https://www.tkdl.res.in/tkdl/langdefault/Siddha/Utility/KeywordDemo/Plant-Name.asp
Sphaeranthus indicus Linn.,"muitik, bhkadamba, rva",Gorakh Mundi/Mundi/ Baloot-al-Arz/,Kotta karanthai,,https://www.tkdl.res.in/tkdl/langdefault/Siddha/Utility/KeywordDemo/Plant-Name.asp
Stereospermum chelonoides,pal,Padal/Patila,"Paathiri, Patali maram, Ambu, Ambuvahini, Appu, Padiri, Pumbadiri, Pyuppadiri","Trumpet Flower, Yellow Snake tree",https://www.tkdl.res.in/tkdl/langdefault/Siddha/Utility/KeywordDemo/Plant-Name.asp
Strychnos nuxvomica Linn.,"viamui, kraskara",Azaraqi/Kuchla,"Etti,Kaanchiram,Vidamutti, Kiruttinapanam, Maduragam, Suvasagam, Kobagundam",strychnine tree,https://www.tkdl.res.in/tkdl/langdefault/Siddha/Utility/KeywordDemo/Plant-Name.asp
Strychnos potatorum Linn. f.,kataka,,"Thetraan kottai, Illam, Akkolam, Sillam, Teru, Kadali",Clearing Nut tree,https://www.tkdl.res.in/tkdl/langdefault/Siddha/Utility/KeywordDemo/Plant-Name.asp
Styrax benzoin Dry.,"lohaba, lohabna",Lobaan,"Saambiraani,Dhoobam,Pen kumainchan,Malakkaa sambirani",styrax,https://www.tkdl.res.in/tkdl/langdefault/Siddha/Utility/KeywordDemo/Plant-Name.asp
Symplocos racemosa Roxb.,lodhra,Lodh Pathani,"Vellilatthi, Velliloththiram, Thillakam","sweetleaf, symplocos",https://www.tkdl.res.in/tkdl/langdefault/Siddha/Utility/KeywordDemo/Plant-Name.asp
Syzygium aromaticum,lavaga,Qaranful/Laung,"Kiraambu,Lavangam,Anjugam,Urkadam,Thirali,Varaangam,Karuvai, Karuvapoo",clove,https://www.tkdl.res.in/tkdl/langdefault/Siddha/Utility/KeywordDemo/Plant-Name.asp
Syzygium cuminii,jamb,Jamun,"Naaval,Neradam,Suradhi pathirai,Saambal,Shaattu valam","jambolan plum, Java plum, kavika ni India, mesegerak",https://www.tkdl.res.in/tkdl/langdefault/Siddha/Utility/KeywordDemo/Plant-Name.asp
Tamarindus indica Linn.,imal,Tamar Hindi /Imli,"Puli,Amilam, ambiram, Sinduram",tamarind,https://www.tkdl.res.in/tkdl/langdefault/Siddha/Utility/KeywordDemo/Plant-Name.asp
Taxus baccata Linn.,"sthaueyaka, tla",Bhool Farangi / Aflanjah,Thalisapattri,English yew,https://www.tkdl.res.in/tkdl/langdefault/Siddha/Utility/KeywordDemo/Plant-Name.asp
Tephrosia purpurea,"sarapokh, arapukh",Sarphuka,"Kolinji, Paavali,Kollukaaivelai, Mullukkai, Katkolingi","purple tephrosia wild indigo, Purple Tephrosia",https://www.tkdl.res.in/tkdl/langdefault/Siddha/Utility/KeywordDemo/Plant-Name.asp
Tephrosia spinosa,kaapukh,,"Mullkolinji, Mukkaaivelai, Mutkkaaivelai",spine tephrosia,https://www.tkdl.res.in/tkdl/langdefault/Siddha/Utility/KeywordDemo/Plant-Name.asp
Terminalia arjuna,arjuna,Arjun,Vellai marudhu,arjuna,https://www.tkdl.res.in/tkdl/langdefault/Siddha/Utility/KeywordDemo/Plant-Name.asp
Terminalia bellirica,bibhtaka,Balela/Bahera,Thaandri,"myrobalan, Beleric Myrobalan",https://www.tkdl.res.in/tkdl/langdefault/Siddha/Utility/KeywordDemo/Plant-Name.asp
Terminalia chebula Retz.,hartak,Halelah,Kadukkaai,"myrobalan,",https://www.tkdl.res.in/tkdl/langdefault/Siddha/Utility/KeywordDemo/Plant-Name.asp
Tinospora cordifolia Miers,guc,Gilo,"Seendhil,Amirdhavalli, Somavalli, Sagadundam, Kundali, Sagamuli, Vallikandam, Sadi, Padalamulam",tinospora,https://www.tkdl.res.in/tkdl/langdefault/Siddha/Utility/KeywordDemo/Plant-Name.asp
Toddalia asiatica,"kaakkaraja, kacana",,"Milagaranai,Kaattu milagu,Moolakamayamaram","Wild Orange tree, Forest
Pepper",https://www.tkdl.res.in/tkdl/langdefault/Siddha/Utility/KeywordDemo/Plant-Name.asp
Trachyspermum ammi,yavn,Ajwayin,"Omam,",Ajowan caraway,https://www.tkdl.res.in/tkdl/langdefault/Siddha/Utility/KeywordDemo/Plant-Name.asp
Tragia cannabina Linn. f.,cerukajuru,,"Poonai kaanchori, Siru kanchori, Ambu, Kunasagam,, Samuthirandam, senthotti, Kurunthotti, Turalobam","noseburh, noseburn",https://www.tkdl.res.in/tkdl/langdefault/Siddha/Utility/KeywordDemo/Plant-Name.asp
Tribulus terrestris Linn.,gokura,Khaar-e- Khasak /Hasak,"Nerunjil, Siru nerunjil, Thirikandam, Yanai vanangi,Kamarasi,Suvathattam,Asuvasattiram,Kokandam,Sudham","bullhead, caltrop, goathead, Mexican sandbur, puncture vine, Small Caltrops",https://www.tkdl.res.in/tkdl/langdefault/Siddha/Utility/KeywordDemo/Plant-Name.asp
Trichosanthes cucumerina Linn.,"vanapaola, paola",,"Peipudal, Kattupeipudal, Pudal",snakegourd,https://www.tkdl.res.in/tkdl/langdefault/Siddha/Utility/KeywordDemo/Plant-Name.asp
Trichosanthes tricuspidata Lour.,,,Korattai,Redball Snakegourd,https://www.tkdl.res.in/tkdl/langdefault/Siddha/Utility/KeywordDemo/Plant-Name.asp
Trigonella foenum-graecum Linn.,meth,Hulba/Methi,"Vendhayam, Methi, Vendhai, Uluva",sicklefruit fenugreek,https://www.tkdl.res.in/tkdl/langdefault/Siddha/Utility/KeywordDemo/Plant-Name.asp
Tylophora indica,"arkapar, antrapcaka",,"Nanjaruppaan, Pey palai, Kagittam, Kodagam, Kuravaram, Sarangam, Unmattadi, Kondachani, Karippalai, Naippalai","Emetic Swallow Wort, Indian or Country Ipecacuanha",https://www.tkdl.res.in/tkdl/langdefault/Siddha/Utility/KeywordDemo/Plant-Name.asp
Vallisneria spiralis Linn.,aivla,,Velampaasi,"Eel-Grass, Tape Grass,
Wild Celery",https://www.tkdl.res.in/tkdl/langdefault/Siddha/Utility/KeywordDemo/Plant-Name.asp
Vernonia anthelmintiga Willd.,,,"Kattucheeragam, Chiththilai, Saninjayaru","Purple Flea bane, Achenes.",https://www.tkdl.res.in/tkdl/langdefault/Siddha/Utility/KeywordDemo/Plant-Name.asp
Vernonia cinerea,"sahadev, daotpal",Sehdevi/Utpila Naunhiya,"Mookkuthi poondu,Sahadevi,Poovankoondhal,Neichetti, Sirasengaluneer,Thevagandham,Sitrilai, Neernochi",little ironweed,https://www.tkdl.res.in/tkdl/langdefault/Siddha/Utility/KeywordDemo/Plant-Name.asp
Vetiveria zizanioides,ura,Khas,"Vetri ver, Guru ver, Viranam, Iruvaeli, Vizhalver","vetivergrass, Cuscus, Vetiver",https://www.tkdl.res.in/tkdl/langdefault/Siddha/Utility/KeywordDemo/Plant-Name.asp
Vigna mungo,ma,Urd/ Maash,"Ulundhu,Maasam,Maadam, Satheenagam, Satheenam",Black gram,https://www.tkdl.res.in/tkdl/langdefault/Siddha/Utility/KeywordDemo/Plant-Name.asp
Vigna radiata,mudga,Moong,"Paasi payaru,Pachai payiru, Murkam, Panippayaru, Ulundu","Green gram, Golden gram",https://www.tkdl.res.in/tkdl/langdefault/Siddha/Utility/KeywordDemo/Plant-Name.asp
Vigna unguiculata,kulattha,,"Kaanam,Mudhirai, Kaaramani, Kollu",catjang,https://www.tkdl.res.in/tkdl/langdefault/Siddha/Utility/KeywordDemo/Plant-Name.asp
Vitis vinifera Linn.,drk,Angoor / Angoor Siyah / Kishmish / Maweez/ Karm,"Thiraatsai, Kodi mundhiri, Madhurasam, Paloothamai, Kottani",wine grape,https://www.tkdl.res.in/tkdl/langdefault/Siddha/Utility/KeywordDemo/Plant-Name.asp
Wedelia chinensis,"bhgarja pta, kearja",,"Manjal karisalankanni, Porthalai kyan",,https://www.tkdl.res.in/tkdl/langdefault/Siddha/Utility/KeywordDemo/Plant-Name.asp
Withania somnifera,avagandh,Asgand,"Nattuamukira Irulichevi, Kidichevi, nagudaver, Varagakarni, Asubam, Amukkra",Winter Cherry,https://www.tkdl.res.in/tkdl/langdefault/Siddha/Utility/KeywordDemo/Plant-Name.asp
Wrightia tinctoria,,Inderjo Shireen/Lisaan-al-A'saafeer,"Vetpaalai, Paalai nilam, rumbalai, Nilappalai, Kumbam paalai, Kirimallikai, Varcham",Pala Indigo Plant,https://www.tkdl.res.in/tkdl/langdefault/Siddha/Utility/KeywordDemo/Plant-Name.asp
Xanthium indicum Roen.,,,Maruloomaththai,"Common Cocklebur, Broad bur, Burdock datura, Clotbur, Rough cockleburr",https://www.tkdl.res.in/tkdl/langdefault/Siddha/Utility/KeywordDemo/Plant-Name.asp
Xeromphis spinosa,"madana, mainaphala",,"Marukkallankay, Madkarai, Karai",emetic nut,https://www.tkdl.res.in/tkdl/langdefault/Siddha/Utility/KeywordDemo/Plant-Name.asp
Zaleya decandra,varbh bheda,,"Saaranai, Saarvelai, Vellai charanai,Sathi saaranai, Viruchchigam",,https://www.tkdl.res.in/tkdl/langdefault/Siddha/Utility/KeywordDemo/Plant-Name.asp
Zingiber officinale Roscoe,"rdraka, uh",Adrak/Zanjabeel/Sindhi/ Sonth,"Inji, chukku","garden ginger, Ginger",https://www.tkdl.res.in/tkdl/langdefault/Siddha/Utility/KeywordDemo/Plant-Name.asp
